,Unnamed: 0,Name,Location,Year,Kilometers_Driven,Fuel_Type,Transmission,Owner_Type,Mileage,Engine_CC,Power_bhp,Number_of_Seats,Price_Lakhs,Current_Age
1457,1505,Land Rover Range Rover Sport SE,Kochi,2019,26013,0,1,0,12.65,2.993,255.0,5.0,97.07,5
1917,1974,BMW 7 Series 740Li,Coimbatore,2018,28060,1,1,0,12.05,2.979,320.0,5.0,93.67,6
2035,2095,Mercedes-Benz SLC 43 AMG,Coimbatore,2019,2526,1,1,0,19.0,2.996,362.07,2.0,83.96,5
1830,1885,Mercedes-Benz GLS 350d Grand Edition,Delhi,2018,6000,0,1,0,11.0,2.987,258.0,7.0,79.0,6
2251,2319,Mercedes-Benz E-Class E 350 d,Coimbatore,2019,9312,0,1,0,18.0,2.987,258.0,5.0,78.8,5
1532,1583,Audi Q7 45 TDI Quattro Premium Plus,Kochi,2019,6773,0,1,0,14.75,2.967,245.0,7.0,72.94,5
403,418,Mercedes-Benz GLC 43 AMG Coupe,Coimbatore,2018,22397,1,1,0,11.5,2.996,367.0,5.0,70.99,6
1637,1690,Mercedes-Benz GLE 350d,Coimbatore,2018,40129,0,1,0,11.57,2.987,254.79,5.0,70.8,6
271,282,Audi Q7 3.0 TDI Quattro Technology,Kochi,2018,11287,0,1,0,12.07,2.967,241.4,7.0,70.36,6
2458,2541,Mercedes-Benz E-Class 2015-2017 E350 CDI Avantgrade,Kochi,2018,21603,0,1,0,13.0,2.987,265.0,5.0,70.15,6
4228,4360,BMW 6 Series Gran Coupe,Kochi,2018,20004,0,1,0,17.54,2.993,313.0,4.0,68.94,6
5363,5516,BMW X3 xDrive 20d Luxury Line,Mumbai,2018,1400,0,1,0,18.56,1.995,190.0,5.0,61.25,6
908,941,Land Rover Range Rover Evoque 2.0 TD4 HSE Dynamic,Kochi,2018,31427,0,1,0,15.68,1.999,177.0,5.0,59.72,6
3166,3268,Mercedes-Benz GLE 350d,Coimbatore,2018,29277,0,1,0,11.57,2.987,254.79,5.0,59.65,6
2678,2767,Mercedes-Benz GLE 350d,Coimbatore,2018,30706,0,1,0,11.57,2.987,254.79,5.0,59.29,6
4921,5067,Land Rover Discovery Sport SD4 HSE Luxury 7S,Coimbatore,2019,17201,0,1,0,12.51,2.179,187.7,7.0,58.91,5
4752,4893,BMW Z4 2009-2013 Roadster 2.5i,Kochi,2018,9952,1,1,0,10.37,2.979,306.0,2.0,58.54,6
4318,4451,Ford Mustang V8,Kochi,2018,21290,1,1,0,13.0,4.951,395.0,4.0,56.8,6
2428,2509,Mercedes-Benz E-Class E 220 d,Mumbai,2018,11000,0,1,0,16.1,1.95,194.0,5.0,56.5,6
4893,5038,Land Rover Discovery Sport TD4 HSE 7S,Coimbatore,2019,24013,0,1,0,12.81,1.999,148.31,7.0,56.14,5
183,191,Land Rover Range Rover 2.2L Dynamic,Coimbatore,2018,36091,0,1,0,12.7,2.179,187.7,5.0,55.76,6
2949,3043,Land Rover Discovery Sport TD4 HSE,Coimbatore,2019,25899,0,1,0,12.63,2.179,147.5,5.0,55.7,5
3877,4003,Jaguar XF 2.2 Litre Luxury,Mumbai,2018,3000,0,1,0,16.36,2.179,187.7,5.0,52.5,6
453,473,Mercedes-Benz E-Class E 220 d,Kochi,2018,26405,1,1,0,12.6,1.95,191.34,5.0,51.43,6
1078,1113,Mercedes-Benz E-Class E 220 d,Kochi,2018,20446,1,1,0,12.6,1.95,191.34,5.0,51.35,6
3588,3705,Mercedes-Benz GLC 220d 4MATIC Style,Coimbatore,2019,29311,0,1,0,17.9,2.143,170.0,5.0,50.97,5
838,866,Mercedes-Benz E-Class Facelift,Coimbatore,2018,56652,0,1,0,13.0,2.987,258.0,5.0,50.29,6
582,603,Mercedes-Benz GLC 220d 4MATIC Style,Mumbai,2018,10003,0,1,0,17.9,2.143,170.0,5.0,48.5,6
2146,2209,BMW 5 Series 2013-2017 520d M Sport,Pune,2018,7000,0,1,0,18.12,1.995,190.0,5.0,46.0,6
1340,1386,BMW 5 Series 520d Sport Line,Kochi,2019,18373,0,1,0,22.48,1.995,187.74,5.0,45.86,5
1207,1246,Audi Q5 3.0 TDI Quattro,Coimbatore,2018,32496,0,1,0,13.22,2.967,241.4,5.0,45.62,6
5759,5927,Audi Q5 3.0 TDI Quattro Technology,Coimbatore,2018,29091,0,1,0,13.22,2.967,241.4,5.0,45.52,6
2834,2924,Land Rover Range Rover HSE Dynamic,Kochi,2018,41661,0,1,0,12.7,2.179,187.7,5.0,44.83,6
5325,5477,Land Rover Range Rover HSE Dynamic,Kochi,2018,52827,0,1,0,12.7,2.179,187.7,5.0,44.76,6
3716,3836,Audi A6 35 TFSI Matrix,Delhi,2018,22000,1,1,0,15.26,1.798,187.74,5.0,41.5,6
1203,1242,Jaguar XE 2.0L Diesel Prestige,Delhi,2018,1000,0,1,0,13.6,1.999,177.0,5.0,40.0,6
2925,3017,Mini Cooper S Carbon Edition,Kolkata,2018,2971,1,1,0,13.6,1.598,181.0,4.0,39.75,6
2668,2757,Mercedes-Benz New C-Class C 220d Avantgarde Edition C,Coimbatore,2018,20604,0,1,0,19.27,2.143,167.62,5.0,39.62,6
87,92,Audi A6 2011-2015 35 TDI Premium,Coimbatore,2018,48367,0,1,0,17.68,1.968,174.33,5.0,39.58,6
2857,2948,Mercedes-Benz New C-Class C 220d Avantgarde Edition C,Coimbatore,2018,10714,0,1,0,19.27,2.143,167.62,5.0,39.51,6
929,962,Mercedes-Benz C-Class Progressive C 220d,Mumbai,2018,8682,0,1,0,0.0,1.95,194.0,5.0,39.5,6
746,772,Mercedes-Benz New C-Class C 220d Avantgarde Edition C,Coimbatore,2018,36797,0,1,0,19.27,2.143,167.62,5.0,39.47,6
2060,2121,Mercedes-Benz New C-Class C 220d Avantgarde Edition C,Coimbatore,2018,24465,0,1,0,19.27,2.143,167.62,5.0,39.45,6
216,224,Mercedes-Benz New C-Class C 220d Avantgarde Edition C,Coimbatore,2018,29161,0,1,0,19.27,2.143,167.62,5.0,39.41,6
2354,2429,Mercedes-Benz New C-Class C 220d Avantgarde Edition C,Coimbatore,2018,23152,0,1,0,19.27,2.143,167.62,5.0,39.22,6
3853,3978,Mercedes-Benz New C-Class C 220d Avantgarde Edition C,Coimbatore,2018,27467,0,1,0,19.27,2.143,167.62,5.0,39.05,6
524,544,Mercedes-Benz New C-Class Progressive C 200,Kochi,2019,13190,1,1,0,0.0,1.95,181.43,5.0,38.99,5
4290,4423,Mercedes-Benz New C-Class C220 CDI Executive Edition,Kochi,2019,17320,0,1,0,15.8,2.148,170.0,5.0,37.99,5
5587,5745,Mercedes-Benz E-Class 2015-2017 E250 Edition E,Coimbatore,2018,41467,0,1,0,15.0,2.143,204.0,5.0,37.98,6
4656,4795,BMW 3 Series Luxury Line,Kochi,2018,21936,0,1,0,21.76,1.995,190.0,5.0,37.92,6
1636,1689,BMW 5 Series 520d Luxury Line,Kochi,2018,32586,0,1,0,22.48,1.995,190.0,5.0,37.3,6
5516,5673,Mercedes-Benz CLA 200 D Sport Edition,Coimbatore,2019,15976,0,1,0,17.9,2.143,136.0,5.0,36.76,5
4468,4601,BMW X1 sDrive 20d xLine,Coimbatore,2019,15456,0,1,0,20.68,1.995,190.0,5.0,36.64,5
4002,4131,Toyota Fortuner 2.8 2WD MT,Coimbatore,2019,56251,0,0,0,14.24,2.755,174.5,7.0,35.82,5
65,67,Mercedes-Benz C-Class Progressive C 220d,Coimbatore,2019,15369,0,1,0,0.0,1.95,194.0,5.0,35.67,5
3095,3196,Ford Endeavour 3.2 Titanium AT 4X4,Chennai,2019,9000,0,1,0,10.91,3.198,197.0,7.0,35.5,5
5712,5875,Mercedes-Benz C-Class Progressive C 220d,Ahmedabad,2019,4000,0,1,0,0.0,1.95,194.0,5.0,35.0,5
5129,5278,Ford Endeavour 3.2 Titanium AT 4X4,Delhi,2018,12000,0,1,0,10.91,3.198,197.0,7.0,33.5,6
2766,2855,Toyota Fortuner 2.8 2WD AT,Kochi,2019,21719,0,1,0,12.9,2.755,174.5,7.0,33.13,5
4764,4906,Ford Endeavour 3.2 Titanium AT 4X4,Hyderabad,2018,15000,0,1,0,10.91,3.198,197.0,7.0,33.0,6
4458,4591,Audi A4 35 TDI Technology Edition,Kochi,2019,38163,0,1,0,17.11,1.968,174.33,5.0,32.91,5
5043,5191,Ford Endeavour 2.2 Titanium AT 4X2,Chennai,2019,9000,0,1,0,12.62,2.198,158.0,7.0,32.9,5
4103,4233,Audi Q3 30 TDI Premium FWD,Coimbatore,2018,22060,0,1,0,18.51,1.968,147.51,5.0,32.73,6
1382,1430,Ford Endeavour 3.2 Trend AT 4X4,Kochi,2018,30552,0,1,0,10.91,3.198,197.2,7.0,32.44,6
1468,1516,Toyota Fortuner 4x4 MT,Hyderabad,2018,39927,0,0,0,12.55,2.982,168.5,7.0,32.1,6
1206,1245,Toyota Camry 2.5 Hybrid,Pune,2018,17585,1,1,0,19.16,2.494,157.7,5.0,32.0,6
870,899,Toyota Camry Hybrid,Pune,2018,17000,1,1,0,19.16,2.494,158.2,5.0,32.0,6
2083,2145,Ford Endeavour 2.2 Titanium AT 4X2,Hyderabad,2018,14000,0,1,0,12.62,2.198,158.0,7.0,31.99,6
1911,1968,Toyota Fortuner 4x4 AT,Kochi,2018,37713,0,1,1,12.55,2.982,168.5,7.0,31.62,6
3062,3161,Mini Cooper 5 DOOR D,Kochi,2019,14857,0,1,0,20.7,1.496,113.98,5.0,31.55,5
942,975,Ford Endeavour 2.2 Trend AT 4X2,Kochi,2019,11209,0,1,0,12.62,2.198,158.0,7.0,31.15,5
5427,5582,Toyota Fortuner 2.8 2WD AT,Coimbatore,2019,28069,0,1,0,12.9,2.755,174.5,7.0,30.85,5
3457,3567,Mercedes-Benz CLA 200 CDI Sport,Kochi,2019,13414,0,1,0,17.9,2.143,136.0,5.0,30.77,5
5011,5158,Mercedes-Benz CLA 200 CDI Sport,Kochi,2019,20483,0,1,0,17.9,2.143,136.0,5.0,30.3,5
2581,2669,Ford Endeavour 3.2 Trend AT 4X4,Coimbatore,2018,51530,0,1,0,10.91,3.198,197.2,7.0,30.27,6
5569,5727,BMW X1 xDrive 20d xLine,Kochi,2018,30733,0,1,0,20.68,1.995,190.0,5.0,29.3,6
2272,2341,Mercedes-Benz GLA Class 200 d Sport,Mumbai,2018,10000,0,1,0,17.9,2.143,136.0,5.0,28.9,6
2733,2822,BMW 3 Series 320d Sport Line,Pune,2018,24000,0,1,0,18.88,1.995,184.0,5.0,28.0,6
386,401,Mitsubishi Pajero Sport 4X2 AT DualTone BlackTop,Hyderabad,2018,12000,0,1,0,13.5,2.477,175.56,7.0,28.0,6
3064,3163,Ford Endeavour Titanium 4X2,Coimbatore,2019,14648,0,0,0,12.62,2.198,158.0,7.0,27.36,5
343,357,Skoda Superb L&K 1.8 TSI AT,Kochi,2019,13747,1,1,0,14.67,1.798,177.46,5.0,27.3,5
3979,4108,Mitsubishi Pajero Sport 4X4 AT,Coimbatore,2019,11827,0,1,0,13.5,2.477,175.56,6.0,27.11,5
5800,5970,Mercedes-Benz GLA Class 200 Sport,Kochi,2018,17773,1,1,0,13.7,1.991,183.0,5.0,26.76,6
3991,4120,Mitsubishi Pajero Sport 4X4 AT,Bangalore,2018,8900,0,1,0,13.5,2.477,175.56,6.0,26.5,6
3220,3324,Mercedes-Benz CLA 200 CDI Sport,Kochi,2019,29836,0,1,0,17.9,2.143,136.0,5.0,25.75,5
578,599,Toyota Innova Crysta 2.8 ZX AT,Coimbatore,2019,40674,0,1,0,11.36,2.755,171.5,7.0,24.82,5
2826,2916,Jeep Compass 2.0 Limited 4X4,Coimbatore,2019,6261,0,0,0,16.3,1.956,170.0,5.0,23.91,5
1484,1532,Toyota Innova Crysta 2.4 VX MT 8S,Coimbatore,2019,11241,0,0,0,13.68,2.393,147.8,8.0,22.55,5
3445,3555,Toyota Innova Crysta 2.4 VX MT,Coimbatore,2019,33598,0,0,0,13.68,2.393,147.8,7.0,22.2,5
245,255,Hyundai Tucson 2.0 e-VGT 2WD AT GLS,Kochi,2018,51346,0,1,0,16.38,1.995,183.0,5.0,21.99,6
2480,2563,Jeep Compass 2.0 Limited 4X4,Coimbatore,2018,48188,0,0,0,16.3,1.956,170.0,5.0,21.69,6
4220,4350,Toyota Innova Crysta 2.4 VX MT 8S,Coimbatore,2019,31271,0,0,0,13.68,2.393,147.8,8.0,21.42,5
580,601,Toyota Corolla Altis VL AT,Bangalore,2018,1331,1,1,0,14.28,1.798,138.03,5.0,20.0,6
1379,1427,Toyota Innova Crysta 2.4 VX MT,Kochi,2018,8899,0,0,0,13.68,2.393,147.8,7.0,19.92,6
847,875,Toyota Innova Crysta 2.8 ZX AT,Kochi,2018,41736,0,1,0,11.36,2.755,171.5,7.0,19.92,6
1822,1877,Toyota Innova Crysta 2.8 GX AT,Kochi,2019,10601,0,1,0,11.36,2.755,171.5,7.0,19.65,5
226,235,Toyota Innova Crysta 2.8 GX AT,Kochi,2019,14165,0,1,0,11.36,2.755,171.5,7.0,19.64,5
3474,3584,Jeep Compass 2.0 Longitude,Kochi,2018,42203,0,0,0,17.1,1.956,170.0,5.0,19.46,6
4319,4452,Toyota Innova Crysta 2.8 GX AT,Kochi,2019,14076,0,1,0,11.36,2.755,171.5,7.0,19.4,5
2001,2061,Jeep Compass 2.0 Longitude,Coimbatore,2018,33218,0,0,0,17.1,1.956,170.0,5.0,19.05,6
548,568,Jeep Compass 2.0 Limited,Jaipur,2018,29000,0,0,0,17.1,1.956,170.0,5.0,19.0,6
2915,3006,Jeep Compass 2.0 Limited,Pune,2018,16039,0,0,0,17.1,1.956,170.0,5.0,18.5,6
919,952,Toyota Innova Crysta 2.4 ZX MT,Coimbatore,2018,92056,0,0,0,13.68,2.393,147.8,7.0,18.39,6
3089,3190,Toyota Innova Crysta 2.8 GX AT,Pune,2018,20300,0,1,0,11.36,2.755,171.5,7.0,18.0,6
2409,2488,Tata Hexa XTA,Coimbatore,2019,14233,0,1,0,17.6,2.179,153.86,7.0,17.85,5
770,796,Mahindra XUV500 W9 AT,Coimbatore,2019,19654,0,1,0,14.0,2.179,155.0,7.0,17.63,5
3818,3943,Jeep Compass 2.0 Longitude,Kochi,2018,26101,0,0,0,17.1,1.956,170.0,5.0,17.55,6
1449,1497,Toyota Corolla Altis 1.8 VL CVT,Kochi,2018,28321,1,1,0,14.28,1.798,138.03,5.0,17.49,6
1934,1991,Jeep Compass 2.0 Longitude,Kochi,2018,28937,0,0,0,17.1,1.956,170.0,5.0,17.02,6
2980,3075,Toyota Corolla Altis 1.8 VL CVT,Kolkata,2018,5000,1,1,0,14.28,1.798,138.03,5.0,16.95,6
3045,3144,Volkswagen Jetta 2012-2014 1.4 TSI,Coimbatore,2018,37109,1,0,0,14.69,1.39,120.33,5.0,16.8,6
3303,3407,Mahindra XUV500 AT W10 AWD,Coimbatore,2018,82739,0,1,0,16.0,2.179,140.0,7.0,16.77,6
5214,5363,Mahindra XUV500 W8 2WD,Coimbatore,2018,46811,0,0,0,16.0,2.179,140.0,7.0,16.59,6
2315,2389,Mahindra XUV500 AT W10 FWD,Coimbatore,2018,24500,0,1,0,16.0,2.179,140.0,7.0,16.52,6
3757,3878,Mahindra XUV500 AT W10 FWD,Kochi,2018,25948,0,1,0,16.0,2.179,140.0,7.0,16.46,6
5278,5428,Mahindra XUV500 W10 2WD,Kochi,2018,29907,0,0,0,16.0,2.179,140.0,7.0,16.36,6
4840,4984,Hyundai Creta 1.6 SX Option Diesel,Coimbatore,2019,24864,0,0,0,20.5,1.582,126.2,5.0,16.27,5
3511,3624,ISUZU D-MAX V-Cross 4X4,Coimbatore,2018,20422,0,0,0,12.4,2.499,134.0,5.0,16.09,6
4678,4817,Hyundai Elantra CRDi SX,Coimbatore,2019,41871,0,0,0,22.7,1.582,126.2,5.0,15.57,5
5434,5589,Hyundai Elantra CRDi SX,Ahmedabad,2018,35000,0,0,0,22.7,1.582,126.2,5.0,15.0,6
2891,2982,Hyundai Creta 1.6 SX Plus Petrol Automatic,Coimbatore,2018,32807,1,1,0,13.0,1.591,121.3,5.0,14.76,6
3083,3183,Hyundai Creta 1.6 SX Plus Petrol Automatic,Coimbatore,2018,23875,1,1,0,13.0,1.591,121.3,5.0,14.36,6
3516,3630,Hyundai Creta 1.6 SX Plus Petrol Automatic,Coimbatore,2018,32434,1,1,0,13.0,1.591,121.3,5.0,14.35,6
3668,3787,Hyundai Verna 1.6 CRDI SX Option,Kochi,2019,30529,0,0,0,23.9,1.582,126.2,5.0,14.28,5
2165,2229,Honda City i-VTEC CVT ZX,Coimbatore,2018,20300,1,1,0,18.0,1.497,117.3,5.0,14.21,6
5312,5464,Mahindra Scorpio S10 7 Seater,Kochi,2018,27395,0,0,0,15.4,2.179,120.0,7.0,14.19,6
998,1032,Renault Captur 1.5 Diesel Platine Mono,Kochi,2019,3102,0,0,0,20.37,1.461,108.45,5.0,14.01,5
492,512,Hyundai Creta 1.6 SX Plus Dual Tone Petrol,Kochi,2019,8587,1,0,0,15.29,1.591,121.3,5.0,13.56,5
3131,3232,Hyundai Creta 1.6 CRDi SX,Coimbatore,2019,54321,0,0,0,19.67,1.582,126.2,5.0,13.54,5
3650,3769,Renault Captur 1.5 Diesel Platine Mono,Mumbai,2018,1011,0,0,0,20.37,1.461,108.45,5.0,13.5,6
417,434,Renault Captur 1.5 Diesel RXL,Coimbatore,2019,24950,0,0,0,20.37,1.461,108.45,5.0,13.37,5
5418,5573,Hyundai Creta 1.6 SX Plus Diesel,Kochi,2018,35480,0,0,0,19.67,1.582,126.2,5.0,13.34,6
4783,4926,Hyundai Creta 1.6 SX Option Executive,Coimbatore,2018,44383,1,0,0,15.8,1.591,121.3,5.0,13.25,6
5728,5894,Hyundai Creta 1.6 SX,Hyderabad,2018,9900,1,0,0,15.8,1.591,121.3,5.0,13.2,6
3097,3198,Mahindra XUV500 W7,Delhi,2018,9000,0,0,0,14.0,2.179,155.0,7.0,13.0,6
5794,5964,Hyundai Verna VTVT 1.6 AT SX Option,Mumbai,2018,8000,1,1,0,17.0,1.591,121.3,5.0,12.85,6
1579,1630,Hyundai Creta 1.6 SX Plus Dual Tone Petrol,Mumbai,2018,2500,1,0,0,15.29,1.591,121.3,5.0,12.75,6
5404,5559,Hyundai Creta 1.6 SX Plus Petrol Automatic,Kochi,2018,32854,1,1,0,13.0,1.591,121.3,5.0,12.6,6
3407,3514,Honda City i-VTEC CVT VX,Pune,2018,4500,1,1,0,18.0,1.497,117.3,5.0,12.5,6
1016,1050,Ford EcoSport 1.5 Petrol Titanium Plus AT,Coimbatore,2018,18385,1,1,0,14.8,1.497,121.36,5.0,12.41,6
1418,1466,Mahindra Scorpio S6 7 Seater,Kochi,2018,37804,0,0,0,15.4,2.179,120.0,7.0,12.4,6
5088,5237,Hyundai Creta 1.6 SX Option,Kochi,2018,53322,1,0,0,15.8,1.591,121.3,5.0,12.13,6
4866,5011,Honda City i VTEC CVT VX,Kochi,2018,34696,1,1,0,18.0,1.497,117.3,5.0,12.08,6
1230,1270,Honda City i-VTEC CVT VX,Kochi,2018,22974,1,1,0,18.0,1.497,117.3,5.0,11.97,6
2453,2536,Skoda Rapid 1.5 TDI Ambition,Coimbatore,2018,5833,0,0,0,21.13,1.498,108.4,5.0,11.92,6
4591,4728,Hyundai Verna VTVT 1.6 SX Option,Kochi,2019,12336,1,0,0,17.0,1.591,121.3,5.0,11.88,5
1486,1534,Honda City i VTEC VX Option,Coimbatore,2019,23882,1,0,0,17.4,1.497,117.3,5.0,11.87,5
5123,5272,Hyundai Creta 1.6 SX,Coimbatore,2018,17665,1,0,0,15.8,1.591,121.3,5.0,11.78,6
1091,1126,Honda City i DTec VX,Coimbatore,2018,45555,0,0,0,26.0,1.498,98.6,5.0,11.73,6
5557,5715,Honda City i-VTEC CVT V,Kochi,2019,22321,1,1,0,18.0,1.497,117.3,5.0,11.66,5
976,1010,Ford Ecosport Signature Edition Diesel,Coimbatore,2019,23154,0,0,0,23.0,1.498,98.96,5.0,11.65,5
5455,5610,Hyundai Verna 1.6 SX VTVT,Coimbatore,2019,6028,1,0,0,17.01,1.591,121.3,5.0,11.54,5
4437,4570,Maruti Vitara Brezza ZDi Plus AMT Dual Tone,Chennai,2018,3300,0,1,0,24.3,1.248,88.5,5.0,11.5,6
128,135,Hyundai Verna VTVT 1.6 AT SX Plus,Kochi,2019,12645,1,1,0,17.0,1.591,121.3,5.0,11.5,5
1351,1398,Honda City V MT Exclusive,Kochi,2019,5377,1,0,0,16.8,1.497,116.3,5.0,11.45,5
3908,4034,Hyundai Creta 1.6 SX Automatic Diesel,Kolkata,2018,14000,0,1,0,17.6,1.582,126.2,5.0,11.25,6
1938,1995,Maruti Vitara Brezza ZDi Plus AMT Dual Tone,Chennai,2018,3000,0,1,0,24.3,1.248,88.5,5.0,11.25,6
1804,1859,Honda City i VTEC VX Option,Ahmedabad,2018,14000,1,0,0,17.4,1.497,117.3,5.0,11.25,6
4518,4653,Ford EcoSport 1.5 TDCi Trend Plus BE,Coimbatore,2019,35188,0,0,0,22.77,1.498,98.59,5.0,11.13,5
3718,3838,Maruti Vitara Brezza ZDi Plus Dual Tone,Coimbatore,2018,28741,0,0,0,24.3,1.248,88.5,5.0,11.0,6
116,122,Hyundai Verna CRDi 1.6 SX Option,Kolkata,2018,10250,0,0,0,22.0,1.582,126.2,5.0,10.95,6
5182,5331,Ford Ecosport Signature Edition Diesel,Ahmedabad,2018,13000,0,0,0,23.0,1.498,98.96,5.0,10.9,6
3835,3960,Hyundai Creta 1.4 E Plus Diesel,Kochi,2018,41641,0,0,0,21.38,1.396,88.7,5.0,10.82,6
67,69,Hyundai Creta 1.4 E Plus Diesel,Mumbai,2018,13000,0,0,0,22.1,1.396,88.7,5.0,10.5,6
1042,1077,Maruti Vitara Brezza ZDi Plus,Kochi,2019,34688,0,0,0,24.3,1.248,88.5,5.0,10.49,5
1110,1147,Maruti Vitara Brezza ZDi,Coimbatore,2018,64456,0,0,0,24.3,1.248,88.5,5.0,10.46,6
2801,2890,Ford EcoSport 1.5 Petrol Titanium Plus AT,Coimbatore,2018,27852,1,1,0,14.8,1.497,121.36,5.0,10.44,6
5699,5860,Mahindra Thar CRDe AC,Coimbatore,2019,16392,0,0,0,16.55,2.498,105.0,6.0,10.36,5
3427,3536,Honda City V MT,Kochi,2018,11966,1,0,0,16.8,1.497,116.3,5.0,10.28,6
4746,4887,Maruti Vitara Brezza ZDi Plus,Kochi,2018,57078,0,0,0,24.3,1.248,88.5,5.0,10.19,6
3321,3425,Maruti Vitara Brezza ZDi Plus,Coimbatore,2018,52380,0,0,0,24.3,1.248,88.5,5.0,10.15,6
5454,5609,Honda City i VTEC V,Mumbai,2018,5000,1,0,0,17.8,1.497,117.3,5.0,10.11,6
5590,5749,Honda City i-VTEC V,Kochi,2018,11732,1,0,0,17.4,1.497,117.3,5.0,10.07,6
1850,1905,Maruti Ciaz 1.4 Zeta,Kochi,2018,15982,1,0,0,20.73,1.373,91.1,5.0,9.96,6
8,10,Maruti Ciaz Zeta,Kochi,2018,25692,1,0,0,21.56,1.462,103.25,5.0,9.95,6
26,28,Honda WRV i-VTEC VX,Kochi,2018,37430,1,0,0,17.5,1.199,88.7,5.0,9.9,6
2804,2894,Tata Nexon 1.5 Revotorq XZ Plus Dual Tone,Mumbai,2018,14000,0,0,0,21.5,1.497,108.5,5.0,9.9,6
139,147,Maruti Ciaz 1.4 Alpha,Kochi,2018,41283,1,0,0,20.73,1.373,91.1,5.0,9.9,6
414,431,Maruti Baleno Alpha Automatic,Coimbatore,2018,12831,1,1,0,21.4,1.197,83.1,5.0,9.89,6
5549,5706,Chevrolet Cruze LTZ,Coimbatore,2018,52073,0,0,1,18.3,1.991,147.9,5.0,9.87,6
2297,2367,Maruti Grand Vitara 2.4 MT,Kochi,2018,28786,1,0,0,10.4,2.393,163.5,5.0,9.74,6
4800,4943,Skoda Rapid 1.6 MPI AT Style,Kochi,2018,21488,1,1,0,14.3,1.598,103.52,5.0,9.72,6
5644,5805,Skoda Rapid 1.6 MPI Ambition,Coimbatore,2019,21214,1,0,0,15.41,1.598,103.52,5.0,9.66,5
4737,4877,Tata Nexon 1.2 Revotron XZ Plus,Coimbatore,2018,17477,1,0,0,17.0,1.198,108.5,5.0,9.62,6
2639,2728,Maruti Baleno Alpha CVT,Kochi,2019,13574,1,1,0,21.4,1.197,83.1,5.0,9.51,5
5272,5421,Ford EcoSport 1.5 Ti VCT MT Signature,Chennai,2018,13900,1,0,0,18.88,1.499,110.4,5.0,9.5,6
4622,4760,Maruti Ciaz 1.3 Alpha,Kochi,2018,39023,0,0,0,28.09,1.248,88.5,5.0,9.48,6
5654,5815,Ford EcoSport 1.5 TDCi Titanium,Kochi,2018,37160,0,0,0,22.77,1.498,98.59,5.0,9.46,6
4655,4794,Maruti Vitara Brezza VDi Option,Hyderabad,2018,11000,0,0,0,24.3,1.248,88.5,5.0,9.4,6
2394,2473,Maruti Ciaz ZDi Plus,Coimbatore,2018,68737,0,0,0,26.21,1.248,88.5,5.0,9.32,6
5193,5342,Honda Amaze VX i-VTEC,Coimbatore,2019,16573,1,0,0,17.8,1.198,86.7,5.0,9.31,5
1720,1773,Honda WRV i-VTEC VX,Kochi,2018,15135,1,0,0,17.5,1.199,88.7,5.0,9.29,6
1559,1610,Maruti Ciaz 1.4 Zeta,Mumbai,2018,32644,1,0,0,20.73,1.373,91.1,5.0,9.28,6
5514,5671,Honda Jazz 1.2 V CVT i VTEC,Coimbatore,2018,20026,1,1,0,19.0,1.199,88.7,5.0,9.27,6
3279,3383,Ford EcoSport 1.5 Diesel Titanium,Coimbatore,2018,32189,0,0,0,23.0,1.498,98.96,5.0,9.25,6
2899,2990,Maruti Ertiga VDI,Mumbai,2018,14000,0,0,0,25.47,1.248,88.5,7.0,9.25,6
3476,3587,Tata Nexon 1.5 Revotorq XZ Plus Dual Tone,Kolkata,2018,4900,0,0,0,21.5,1.497,108.5,5.0,9.22,6
1389,1437,Ford EcoSport 1.5 Petrol Titanium,Pune,2018,17000,1,0,0,17.0,1.497,121.36,5.0,9.2,6
2594,2682,Hyundai i20 1.4 Sportz,Coimbatore,2018,18521,0,0,0,22.54,1.396,88.73,5.0,9.18,6
2225,2292,Maruti Ciaz Alpha,Kochi,2018,38394,1,0,0,21.56,1.462,103.25,5.0,9.18,6
3655,3774,Maruti Ciaz Zeta,Kochi,2018,10575,1,0,0,21.56,1.462,103.25,5.0,9.18,6
3299,3403,Honda Jazz 1.2 V CVT i VTEC,Coimbatore,2018,12794,1,1,0,19.0,1.199,88.7,5.0,9.15,6
3663,3782,Mahindra Thar DI 4X4,Kochi,2019,13024,0,0,0,18.06,2.523,63.0,7.0,9.11,5
702,726,Ford EcoSport 1.5 Ti VCT AT Titanium,Kochi,2018,37630,1,1,0,15.63,1.499,110.4,5.0,9.1,6
3858,3983,Hyundai Verna 1.6 VTVT AT SX,Kochi,2018,33858,1,1,0,17.01,1.591,121.3,5.0,9.03,6
1437,1485,Toyota Fortuner 3.0 Diesel,Kolkata,2019,80000,0,0,0,11.5,2.982,171.0,7.0,8.99,5
437,456,Maruti S-Cross Delta DDiS 200 SH,Delhi,2018,12923,0,0,0,25.1,1.248,88.5,5.0,8.92,6
3288,3392,Hyundai i20 1.2 Asta Option,Hyderabad,2018,11691,1,0,0,18.6,1.197,81.83,5.0,8.9,6
4834,4978,Honda Amaze V CVT Petrol,Kochi,2019,25717,1,1,0,19.0,1.199,88.76,5.0,8.86,5
4760,4902,Maruti Baleno Alpha CVT,Mumbai,2018,3000,1,1,0,21.4,1.197,83.1,5.0,8.85,6
4933,5079,Hyundai Elite i20 Asta Option,Coimbatore,2019,21134,1,0,0,18.6,1.197,81.86,5.0,8.78,5
5264,5413,Maruti Ciaz 1.4 Delta,Coimbatore,2018,7784,1,0,0,20.73,1.373,91.1,5.0,8.76,6
2451,2534,Maruti Vitara Brezza ZDi,Kolkata,2018,2900,0,0,0,24.3,1.248,88.5,5.0,8.75,6
1094,1129,Maruti Ertiga SHVS VDI,Ahmedabad,2018,38000,0,0,0,24.52,1.248,88.5,7.0,8.7,6
3786,3910,Maruti Baleno Alpha Diesel,Mumbai,2018,2000,0,0,0,27.39,1.248,74.0,5.0,8.7,6
3721,3841,Hyundai Verna VTVT 1.6 SX,Kolkata,2018,5000,1,0,0,17.0,1.591,121.3,5.0,8.7,6
1426,1474,Maruti Baleno Zeta 1.2,Coimbatore,2019,17705,1,0,0,21.4,1.197,83.1,5.0,8.7,5
851,879,Maruti Swift DDiS ZDI Plus,Hyderabad,2018,5456,0,0,0,28.4,1.248,74.0,5.0,8.65,6
34,36,Maruti Vitara Brezza ZDi Plus,Kochi,2018,50075,0,0,0,24.3,1.248,88.5,5.0,8.63,6
2618,2707,Maruti Vitara Brezza VDi Option,Kochi,2018,51921,0,0,0,24.3,1.248,88.5,5.0,8.62,6
3019,3116,Hyundai i20 1.4 Sportz,Coimbatore,2019,32251,0,0,0,22.54,1.396,88.73,5.0,8.61,5
3955,4083,Maruti Baleno RS Petrol,Coimbatore,2018,26731,1,0,0,21.1,0.998,100.0,5.0,8.61,6
5190,5339,Hyundai i20 Active SX Dual Tone Petrol,Pune,2019,1000,1,0,0,17.19,1.197,81.86,5.0,8.6,5
4362,4495,Maruti Dzire AMT ZDI Plus,Kochi,2018,64035,0,1,0,28.4,1.248,73.75,5.0,8.55,6
984,1018,Maruti Swift Dzire VDI Optional,Kochi,2019,18592,0,0,0,26.59,1.248,74.0,5.0,8.51,5
5680,5841,Maruti Baleno Delta 1.3,Hyderabad,2018,17810,0,0,0,27.39,1.248,74.0,5.0,8.5,6
783,809,Honda Amaze VX Diesel,Hyderabad,2018,12000,0,0,0,27.4,1.498,98.6,5.0,8.5,6
5247,5396,Maruti Ertiga VDI,Kochi,2018,51236,0,0,0,25.47,1.248,88.5,7.0,8.49,6
1687,1740,Mahindra TUV 300 2015-2019 mHAWK100 T8,Kochi,2018,55594,0,0,0,18.49,1.493,100.0,7.0,8.48,6
2393,2472,Maruti Baleno Zeta Automatic,Coimbatore,2018,38852,1,1,0,21.4,1.197,83.1,5.0,8.47,6
730,756,Honda Jazz VX,Kochi,2018,20024,1,0,0,18.2,1.199,88.7,5.0,8.46,6
4198,4328,Maruti Swift DDiS VDI,Coimbatore,2019,41075,0,0,0,28.4,1.248,74.0,5.0,8.4,5
4885,5030,Maruti Vitara Brezza LDi,Kochi,2018,32539,0,0,0,24.3,1.248,88.5,5.0,8.39,6
4791,4934,Maruti Dzire AMT VDI,Coimbatore,2018,25082,0,1,0,28.4,1.248,73.75,5.0,8.37,6
1680,1733,Hyundai Elite i20 Petrol Asta,Coimbatore,2018,32851,1,0,0,18.6,1.197,81.86,5.0,8.34,6
3679,3798,Maruti Baleno RS 1.0 Petrol,Kochi,2018,18678,1,0,0,21.1,0.998,100.0,5.0,8.32,6
552,572,Hyundai Verna 1.6 SX CRDI (O) AT,Coimbatore,2019,77240,0,1,0,22.32,1.582,126.32,5.0,8.31,5
4817,4961,Maruti Dzire AMT ZXI Plus,Coimbatore,2019,8018,1,1,0,22.0,1.197,81.8,5.0,8.3,5
307,320,Maruti Ertiga Paseo VXI,Mumbai,2018,18000,1,0,0,16.02,1.373,93.7,7.0,8.25,6
2833,2923,Mahindra Thar DI 4X4,Mumbai,2018,2500,0,0,0,18.06,2.523,63.0,7.0,8.25,6
3828,3953,Honda Jazz Exclusive CVT,Mumbai,2018,3000,1,1,0,19.0,1.199,88.7,5.0,8.25,6
212,220,Hyundai i20 Active 1.2 SX,Coimbatore,2018,25166,1,0,0,17.19,1.197,81.86,5.0,8.22,6
5284,5434,Honda WR-V Edge Edition i-VTEC S,Kochi,2019,13913,1,0,0,17.5,1.199,88.7,5.0,8.2,5
5142,5291,Maruti Baleno RS Petrol,Kochi,2018,43639,1,0,0,21.1,0.998,100.0,5.0,8.15,6
557,578,Volkswagen Polo 1.5 TDI Highline,Coimbatore,2018,33558,0,0,0,20.14,1.498,88.0,5.0,8.12,6
2626,2715,Maruti Swift AMT DDiS VDI,Chennai,2018,11000,0,0,0,28.4,1.248,74.0,5.0,8.0,6
5407,5562,Maruti Ciaz VDI SHVS,Kochi,2018,17804,0,0,1,28.09,1.248,88.5,5.0,7.97,6
4388,4521,Hyundai Elite i20 Petrol Asta,Kochi,2018,18553,1,0,0,18.6,1.197,81.86,5.0,7.93,6
2633,2722,Volkswagen Ameo 1.5 TDI Highline,Kochi,2018,31426,0,0,0,21.66,1.498,108.62,5.0,7.9,6
5477,5632,Toyota Etios 1.4 VXD,Pune,2018,3000,0,0,0,23.59,1.364,67.04,5.0,7.9,6
2056,2117,Maruti Baleno Delta Automatic,Kochi,2018,21684,1,1,0,21.4,1.197,83.1,5.0,7.89,6
711,735,Maruti Baleno Zeta 1.3,Coimbatore,2018,25433,0,0,0,27.39,1.248,74.0,5.0,7.83,6
1651,1704,Honda Amaze V CVT Petrol,Pune,2018,1700,1,1,0,19.0,1.199,88.76,5.0,7.8,6
1621,1674,Hyundai i20 1.2 Spotz,Coimbatore,2018,22684,1,0,0,18.6,1.197,81.83,5.0,7.8,6
831,859,Hyundai i20 1.2 Asta Option,Coimbatore,2018,15985,1,0,0,18.6,1.197,81.83,5.0,7.77,6
2700,2789,Maruti Baleno Delta 1.2,Coimbatore,2018,25093,1,0,0,21.4,1.197,83.1,5.0,7.76,6
5666,5827,Hyundai i20 1.4 Sportz,Ahmedabad,2018,30000,0,0,0,22.54,1.396,88.73,5.0,7.75,6
2139,2202,Maruti Baleno Zeta Automatic,Jaipur,2018,4131,1,1,0,21.4,1.197,83.1,5.0,7.75,6
4216,4346,Maruti Swift ZXI Plus,Ahmedabad,2018,2000,1,0,0,22.0,1.197,81.8,5.0,7.75,6
5725,5890,Hyundai i20 Diesel Asta Option,Pune,2018,31000,0,0,0,22.54,1.396,88.73,5.0,7.75,6
1901,1958,Hyundai Verna 1.6 SX CRDI (O) AT,Bangalore,2018,75000,0,1,0,22.32,1.582,126.32,5.0,7.75,6
2739,2828,Fiat Avventura MULTIJET Emotion,Coimbatore,2018,18705,0,0,0,20.5,1.248,91.72,5.0,7.71,6
5579,5737,Hyundai i20 Sportz Option 1.2,Kochi,2019,12800,1,0,0,18.6,1.197,81.83,5.0,7.67,5
5481,5636,Hyundai Elite i20 Diesel Asta Option,Kolkata,2018,6820,0,0,0,22.54,1.396,88.76,5.0,7.65,6
5144,5293,Hyundai i20 1.2 Spotz,Kochi,2018,48407,1,0,0,18.6,1.197,81.83,5.0,7.65,6
4550,4685,Volkswagen Vento 1.6 Comfortline,Kochi,2018,20488,1,0,1,16.09,1.598,103.5,5.0,7.64,6
4500,4635,Hyundai i20 Active 1.4 SX,Kochi,2018,37746,0,0,0,21.19,1.396,88.73,5.0,7.59,6
3504,3617,Hyundai i20 1.2 Spotz,Coimbatore,2018,20632,1,0,0,18.6,1.197,81.83,5.0,7.58,6
1564,1615,Honda Jazz 1.2 SV i VTEC,Kochi,2018,18664,1,0,0,18.7,1.199,88.7,5.0,7.56,6
1317,1363,Hyundai Grand i10 1.2 Kappa Sportz AT,Coimbatore,2018,20667,1,1,0,18.9,1.197,81.86,5.0,7.55,6
3537,3653,Maruti Baleno Zeta Automatic,Kochi,2018,25858,1,1,0,21.4,1.197,83.1,5.0,7.54,6
3281,3385,Volkswagen Polo 1.2 MPI Highline,Coimbatore,2018,22734,1,0,0,16.47,1.198,74.0,5.0,7.53,6
2670,2759,Maruti Swift AMT VDI,Delhi,2018,11500,0,1,0,28.4,1.248,74.0,5.0,7.5,6
4867,5012,Maruti Baleno Alpha 1.3,Kochi,2018,42243,0,0,0,27.39,1.248,74.0,5.0,7.48,6
2788,2877,Tata Tigor 1.05 Revotorq XZ Option,Kochi,2019,29279,0,0,0,24.7,1.047,69.0,5.0,7.46,5
5527,5684,Maruti Baleno Zeta,Coimbatore,2018,33150,1,0,0,21.4,1.197,83.1,5.0,7.39,6
5462,5617,Volkswagen Polo 1.5 TDI Highline,Coimbatore,2018,39861,0,0,0,20.14,1.498,88.8,5.0,7.38,6
2827,2917,Maruti Ignis 1.2 AMT Alpha,Coimbatore,2019,3906,1,1,0,20.89,1.197,81.8,5.0,7.36,5
3152,3254,Ford Freestyle Titanium Plus Petrol,Kolkata,2018,8896,1,0,0,19.0,1.194,94.68,5.0,7.34,6
3961,4089,Honda Mobilio S i VTEC,Kochi,2018,35442,1,0,0,17.3,1.497,117.3,7.0,7.32,6
4567,4702,Hyundai Elite i20 Petrol Sportz,Kochi,2018,14223,1,0,0,18.6,1.197,81.86,5.0,7.32,6
5760,5928,Mahindra NuvoSport N6,Coimbatore,2018,37323,0,0,1,17.45,1.493,100.0,7.0,7.29,6
3171,3273,Maruti Baleno Delta CVT,Coimbatore,2018,34630,1,1,0,21.4,1.197,83.1,5.0,7.29,6
1743,1797,Toyota Etios Liva 1.2 VX Dual Tone,Coimbatore,2019,20877,1,0,0,18.16,1.197,78.9,5.0,7.27,5
1841,1896,Volkswagen Ameo 1.2 MPI Highline,Coimbatore,2018,35569,1,0,0,17.0,1.198,73.75,5.0,7.27,6
5100,5249,Ford Freestyle Titanium Plus Petrol,Jaipur,2018,1001,1,0,0,19.0,1.194,94.68,5.0,7.23,6
264,275,Maruti Swift VDI,Hyderabad,2018,31025,0,0,0,28.4,1.248,74.0,5.0,7.15,6
2669,2758,Maruti Swift VDI Optional,Coimbatore,2018,61386,0,0,0,25.2,1.248,74.0,5.0,7.05,6
2563,2651,Maruti Baleno Zeta 1.2,Delhi,2018,22900,1,0,0,21.4,1.197,83.1,5.0,7.0,6
2511,2595,Tata Tiago AMT 1.2 Revotron XZA,Coimbatore,2019,15379,1,1,0,23.84,1.199,83.83,5.0,6.97,5
5608,5769,Tata Tiago 1.2 Revotron XZ,Coimbatore,2019,20712,1,0,0,23.84,1.199,84.0,5.0,6.94,5
5459,5614,Toyota Etios Cross 1.4 GD,Coimbatore,2018,43127,0,0,0,23.59,1.364,67.04,5.0,6.85,6
1123,1161,Tata Tigor 1.2 Revotron XTA,Ahmedabad,2018,1000,1,1,0,20.3,1.199,84.0,5.0,6.85,6
3057,3156,Hyundai Grand i10 1.2 Kappa Magna AT,Coimbatore,2019,12153,1,1,0,18.9,1.197,81.86,5.0,6.84,5
2558,2646,Ford Figo 2015-2019 1.2P Sports Edition MT,Mumbai,2019,1000,1,0,0,18.12,1.196,86.8,5.0,6.8,5
457,477,Ford Figo 2015-2019 1.2P Titanium MT,Hyderabad,2018,3678,1,0,0,18.16,1.196,86.8,5.0,6.8,6
1955,2013,Hyundai Grand i10 1.2 Kappa Magna AT,Kochi,2018,5354,1,1,0,18.9,1.197,81.86,5.0,6.76,6
4267,4399,Maruti Swift Dzire AMT ZDI,Chennai,2019,65000,0,1,0,26.59,1.248,74.0,5.0,6.75,5
3233,3337,Ford Figo Aspire 1.2 Ti-VCT Titanium,Kochi,2018,24237,1,0,0,18.16,1.196,86.8,5.0,6.7,6
4271,4403,Honda Amaze V Petrol,Jaipur,2018,6000,1,0,0,19.5,1.199,86.76,5.0,6.7,6
1481,1529,Tata Zest Quadrajet 1.3 XT,Coimbatore,2018,38310,0,0,0,20.65,1.248,88.7,5.0,6.69,6
2965,3059,BMW 3 Series 320d Luxury Line,Delhi,2019,87000,0,1,0,22.69,1.995,190.0,5.0,6.67,5
4451,4584,Tata Tigor 1.05 Revotorq XT,Kochi,2018,28973,0,0,0,24.7,1.047,69.0,5.0,6.64,6
5158,5307,Maruti Baleno Zeta 1.2,Delhi,2018,13000,1,0,0,21.4,1.197,83.1,5.0,6.6,6
1213,1252,Maruti Baleno Sigma 1.2,Kochi,2018,23714,1,0,0,21.4,1.197,83.1,5.0,6.57,6
2769,2858,Maruti Swift Dzire VXI,Kochi,2018,10671,1,0,0,20.85,1.197,83.14,5.0,6.51,6
165,173,Hyundai Grand i10 1.2 Kappa Asta,Kolkata,2019,1000,1,0,0,18.9,1.197,81.86,5.0,6.5,5
1141,1179,Hyundai i20 1.2 Asta,Jaipur,2018,5000,1,0,0,18.6,1.197,81.83,5.0,6.5,6
3842,3967,Hyundai i20 1.2 Magna Executive,Mumbai,2018,17000,1,0,0,18.6,1.197,81.83,5.0,6.5,6
3970,4099,Hyundai Grand i10 1.2 Kappa Asta,Delhi,2018,10000,1,0,0,18.9,1.197,81.86,5.0,6.5,6
3861,3986,Ford Figo Aspire 1.2 Ti-VCT Titanium,Kochi,2018,32709,1,0,0,18.16,1.196,86.8,5.0,6.46,6
2551,2637,Hyundai Grand i10 1.2 Kappa Sportz Option,Coimbatore,2019,13916,1,0,0,18.9,1.197,81.86,5.0,6.44,5
506,526,Maruti Swift VXI,Kochi,2019,20667,1,0,0,22.0,1.197,81.8,5.0,6.37,5
5550,5707,Hyundai i20 1.4 Sportz,Kochi,2018,40175,0,0,1,22.54,1.396,88.73,5.0,6.36,6
781,807,Hyundai i20 1.2 Asta Option,Kolkata,2018,11000,1,0,0,18.6,1.197,81.83,5.0,6.35,6
2293,2363,Hyundai Grand i10 Asta,Coimbatore,2018,20492,1,0,0,18.9,1.197,82.0,5.0,6.34,6
5165,5314,Hyundai Grand i10 1.2 CRDi Sportz,Kochi,2018,32663,0,0,0,24.0,1.186,73.97,5.0,6.28,6
1762,1816,Hyundai i20 1.2 Magna Executive,Kochi,2019,27339,1,0,0,18.6,1.197,81.83,5.0,6.27,5
229,238,Hyundai i20 1.2 Magna Executive,Kochi,2018,14960,1,0,0,18.6,1.197,81.83,5.0,6.27,6
5451,5606,Maruti Wagon R ZXI AMT 1.2,Mumbai,2019,600,1,1,0,21.5,1.197,81.8,5.0,6.25,5
3459,3569,Mahindra KUV 100 G80 K8,Jaipur,2018,15900,1,0,0,18.15,1.198,82.0,6.0,6.25,6
574,595,Maruti Swift LDI Optional,Kochi,2018,52010,0,0,0,25.2,1.248,74.0,5.0,6.2,6
1346,1393,Hyundai Grand i10 1.2 Kappa Magna AT,Bangalore,2018,3000,1,1,0,18.9,1.197,81.86,5.0,6.2,6
1322,1368,Hyundai Grand i10 1.2 Kappa Sportz,Kochi,2019,18453,1,0,0,18.9,1.197,81.86,5.0,6.17,5
1469,1517,Honda Jazz 1.2 E i VTEC,Kochi,2018,38593,1,0,0,18.7,1.199,88.7,5.0,6.17,6
2699,2788,Hyundai Grand i10 1.2 Kappa Sportz,Kochi,2018,20689,1,0,0,18.9,1.197,81.86,5.0,6.07,6
1281,1324,Maruti Ignis 1.2 Delta,Coimbatore,2019,16862,1,0,0,20.89,1.197,81.8,5.0,6.06,5
1639,1692,Hyundai Grand i10 1.2 Kappa Sportz,Kochi,2018,10393,1,0,0,18.9,1.197,81.86,5.0,6.03,6
2437,2519,Maruti Swift VDI,Pune,2018,30000,0,0,0,28.4,1.248,74.0,5.0,6.0,6
1240,1281,Hyundai Grand i10 CRDi Sportz Celebration Edition,Kochi,2018,35070,0,0,0,24.0,1.12,70.0,5.0,5.99,6
3443,3552,Hyundai Grand i10 1.2 CRDi Sportz,Chennai,2018,48000,0,0,0,24.0,1.186,73.97,5.0,5.95,6
841,869,Hyundai Xcent 1.2 CRDi S,Jaipur,2018,25302,0,0,0,25.4,1.186,73.97,5.0,5.9,6
5771,5940,Maruti Dzire LDI,Pune,2018,27000,0,0,0,28.4,1.248,73.75,5.0,5.9,6
1075,1110,Tata Tiago 1.2 Revotron XZ,Coimbatore,2018,9565,1,0,0,23.84,1.199,84.0,5.0,5.88,6
4610,4748,Tata Tiago 1.2 Revotron XT Option,Coimbatore,2019,16698,1,0,0,23.84,1.199,84.0,5.0,5.85,5
768,794,Hyundai i20 Magna 1.2,Mumbai,2018,19500,1,0,0,18.6,1.197,81.83,5.0,5.85,6
2825,2915,Hyundai Grand i10 1.2 Kappa Sportz,Jaipur,2018,10000,1,0,0,18.9,1.197,81.86,5.0,5.85,6
3583,3700,Volkswagen Ameo 1.2 MPI Comfortline,Kochi,2018,17370,1,0,0,17.0,1.198,73.75,5.0,5.84,6
3617,3736,Hyundai Grand i10 Sportz,Kochi,2018,43698,1,0,0,18.9,1.197,82.0,5.0,5.8,6
1831,1886,Hyundai Grand i10 1.2 Kappa Sportz,Delhi,2018,9434,1,0,0,18.9,1.197,81.86,5.0,5.75,6
1734,1788,Volkswagen Ameo 1.2 MPI Trendline,Kochi,2018,46007,1,0,0,17.0,1.198,73.75,5.0,5.71,6
1160,1198,Volkswagen Polo 1.0 MPI Trendline,Hyderabad,2019,1000,1,0,0,18.78,0.999,75.0,5.0,5.68,5
3196,3300,Ford Aspire Ambiente Diesel,Kolkata,2018,17000,0,0,0,26.1,1.498,99.0,5.0,5.65,6
4838,4982,Maruti Swift VXI BSIII W/ ABS,Kochi,2018,14589,1,0,0,16.1,1.298,88.2,5.0,5.65,6
5122,5271,Maruti Celerio ZXI Optional AMT,Kochi,2018,12278,1,1,0,23.1,0.998,67.04,5.0,5.63,6
2723,2812,Hyundai Grand i10 1.2 Kappa Sportz,Mumbai,2018,3958,1,0,0,18.9,1.197,81.86,5.0,5.55,6
1788,1842,Hyundai Grand i10 1.2 Kappa Magna,Kochi,2018,46493,1,0,0,18.9,1.197,81.86,5.0,5.53,6
4139,4269,Maruti Celerio ZXI,Kochi,2018,31396,1,0,0,23.1,0.998,67.04,5.0,5.53,6
3565,3682,Maruti Ignis 1.2 Delta,Kochi,2019,12076,1,0,0,20.89,1.197,81.8,5.0,5.5,5
5578,5736,Mahindra KUV 100 G80 K8 Dual Tone,Delhi,2018,42000,1,0,0,18.15,1.198,82.0,6.0,5.5,6
4166,4296,Volkswagen Ameo 1.2 MPI Anniversary Edition,Pune,2018,20000,1,0,0,17.0,1.198,74.0,5.0,5.5,6
1930,1987,Maruti Swift Dzire Tour LDI,Pune,2018,12000,0,0,0,23.4,1.248,74.0,5.0,5.5,6
405,420,Hyundai Grand i10 SportZ Edition,Kochi,2018,40322,1,0,0,18.9,1.197,81.86,5.0,5.5,6
4956,5102,Maruti Wagon R VXI,Kochi,2019,31817,1,0,0,22.5,0.998,67.04,5.0,5.34,5
279,290,Tata Zest Quadrajet 1.3 75PS XE,Pune,2018,45000,0,0,0,22.95,1.248,74.0,5.0,5.25,6
2754,2843,Maruti Wagon R AMT VXI,Kochi,2018,27413,1,1,0,20.51,0.998,67.0,5.0,5.18,6
1802,1856,Hyundai Grand i10 Sportz,Kolkata,2018,1800,1,0,0,18.9,1.197,82.0,5.0,5.1,6
5405,5560,Renault KWID RXT Optional,Kochi,2019,6568,1,0,0,25.17,0.799,53.3,5.0,5.09,5
4824,4968,Tata Tiago AMT 1.2 Revotron XZA,Pune,2018,2000,1,1,0,23.84,1.199,83.83,5.0,5.0,6
3485,3598,Hyundai Xcent 1.2 VTVT E Plus,Pune,2018,31000,1,0,0,20.14,1.197,81.86,5.0,5.0,6
4587,4724,Hyundai Xcent 1.2 VTVT E,Pune,2018,40000,1,0,0,20.14,1.197,81.86,5.0,5.0,6
5052,5200,Renault KWID Climber 1.0 AMT,Coimbatore,2018,38171,1,1,1,22.5,0.999,67.0,5.0,4.99,6
2942,3036,Tata Tigor 1.2 Revotron XT,Mumbai,2018,22345,1,0,0,20.3,1.199,84.0,5.0,4.95,6
4311,4444,Hyundai Grand i10 1.2 Kappa Magna,Kolkata,2018,4500,1,0,0,18.9,1.197,81.86,5.0,4.8,6
2770,2859,Renault KWID Climber 1.0 MT,Hyderabad,2018,4126,1,0,0,21.7,0.999,67.0,5.0,4.8,6
1121,1159,Hyundai Grand i10 1.2 Kappa Magna,Kochi,2018,50234,1,0,0,18.9,1.197,81.86,5.0,4.77,6
5796,5966,Maruti Wagon R VXI BS IV,Hyderabad,2018,1048,1,0,0,18.9,0.998,67.1,5.0,4.7,6
5331,5483,Maruti Alto K10 VXI AGS,Coimbatore,2018,31919,1,1,0,24.07,0.998,67.1,5.0,4.56,6
2762,2851,Renault KWID 1.0 RXT Optional,Kochi,2018,18335,1,0,0,21.7,0.999,67.0,5.0,4.5,6
4035,4165,Maruti Wagon R VXI Plus,Kolkata,2018,10000,1,0,0,20.51,0.998,67.04,5.0,4.5,6
5327,5479,Renault KWID Climber 1.0 AMT,Chennai,2018,14000,1,1,0,22.5,0.999,67.0,5.0,4.5,6
967,1001,Renault KWID RXT Optional,Hyderabad,2018,1900,1,0,0,25.17,0.799,53.3,5.0,4.45,6
4170,4300,Maruti Wagon R VXI AMT,Mumbai,2018,1997,1,1,0,22.5,0.998,67.0,5.0,4.45,6
5668,5829,Renault KWID RXT Optional,Mumbai,2018,1617,1,0,0,25.17,0.799,53.3,5.0,4.29,6
2715,2804,Maruti Alto 800 2016-2019 VXI,Coimbatore,2018,26234,1,0,0,24.7,0.796,47.3,5.0,4.29,6
147,155,Hyundai EON Magna Plus,Kochi,2019,14322,1,0,0,21.1,0.814,55.2,5.0,4.23,5
5533,5690,Maruti Omni 5 Seater BSIV,Coimbatore,2019,4721,1,0,0,14.0,0.796,35.0,5.0,4.11,5
416,433,Hyundai EON Era Plus,Kochi,2018,13102,1,0,0,21.1,0.814,55.2,5.0,4.06,6
4594,4731,Nissan Micra Active XV,Pune,2018,24000,1,0,0,19.69,1.198,67.04,5.0,4.0,6
5628,5789,Renault KWID RXL,Kochi,2019,7858,1,0,0,25.17,0.799,53.3,5.0,3.8,5
2413,2492,Maruti Alto 800 2016-2019 VXI,Kochi,2019,19855,1,0,0,24.7,0.796,47.3,5.0,3.8,5
974,1008,Maruti Omni E MPI STD BS IV,Kochi,2019,11571,1,0,0,16.8,0.796,34.2,8.0,3.8,5
4917,5062,Maruti Celerio LXI MT,Kolkata,2018,30000,1,0,0,23.1,0.998,67.04,5.0,3.75,6
2778,2867,Hyundai EON Era Plus,Kochi,2018,15334,1,0,0,21.1,0.814,55.2,5.0,3.69,6
2577,2665,Maruti Alto K10 VXI,Kochi,2018,46805,1,0,0,24.07,0.998,67.1,5.0,3.63,6
4039,4169,Datsun redi-GO T Option,Kochi,2018,6279,1,0,0,22.7,0.799,53.64,5.0,3.6,6
1315,1361,Maruti Alto 800 2016-2019 VXI,Mumbai,2019,171,1,0,0,24.7,0.796,47.3,5.0,3.6,5
1316,1362,Maruti Alto K10 VXI,Kolkata,2018,2100,1,0,0,24.07,0.998,67.1,5.0,3.6,6
4305,4438,Maruti Alto 800 2016-2019 LXI Optional,Jaipur,2019,3000,1,0,0,24.7,0.796,47.3,5.0,3.5,5
3490,3603,Renault KWID RXT Optional,Pune,2018,5000,1,0,0,25.17,0.799,53.3,5.0,3.5,6
2475,2558,Datsun redi-GO T Option,Kochi,2018,30953,1,0,0,22.7,0.799,53.64,5.0,3.48,6
5772,5941,Renault KWID RXL,Pune,2018,1000,1,0,0,25.17,0.799,53.3,5.0,3.4,6
5198,5347,Maruti Alto 800 2016-2019 LXI,Mumbai,2018,11000,1,0,0,24.7,0.796,47.3,5.0,3.35,6
353,367,Maruti Alto 800 2016-2019 LXI,Kolkata,2018,26200,1,0,0,24.7,0.796,47.3,5.0,2.9,6
3033,3132,Porsche Cayenne Base,Kochi,2019,14298,1,1,0,13.33,2.995,340.0,5.0,2.02,5
